fiscal_year,fiscal_month,forecast_qty_conservative,forecast_qty_base,forecast_qty_optimistic,forecast_revenue_conservative,forecast_revenue_base,forecast_revenue_optimistic
2026,4,13988.464,17485.58,20982.696,21609572311.239117,27011965389.048897,32414358466.858673
2026,5,19298.731200000002,24123.414,28948.0968,30533095668.659737,38166369585.82467,45799643502.9896
2026,6,15581.54416,19476.9302,23372.316239999996,24286629318.4653,30358286648.081627,36429943977.69795
