group_name,actual_qty,pred_qty,raw_calibration_factor,calibration_factor
Unknown group,3267.0,53.4,61.17977528089888,1.1
Xe phổ thông,6743.0,5040.299999999999,1.3378171934210268,1.1
Xe thể thao nhôm,38.0,302.09999999999997,0.1257861635220126,0.9
Xe thể thao thép,197.0,428.4,0.45985060690943047,0.9
Xe trẻ em nhóm 1,1703.0,1230.3,1.3842152320572219,1.1
Xe trẻ em nhóm 2,593.0,849.1999999999999,0.698304286387188,0.9
