model,MAE,RMSE,MAPE,WMAPE,sMAPE,BiasPct,R2,Actual_Total_Qty,Pred_Total_Qty,Top10_HitRate,Top20_HitRate,is_ml_model,is_benchmark,alpha
benchmark_ewma_2m_a30,34.57449392712551,64.31093591087595,130.43919921465638,68.0958456263456,132.83045317276708,-36.9771150625947,0.4445386101709803,12541.0,7903.699999999999,0.7,0.6,False,True,0.3
benchmark_ewma_2m_a40,34.93846153846154,63.909111829994835,142.1937807549558,68.81269436249102,132.58060931921597,-29.338968184355313,0.45145813243390254,12541.0,8861.6,0.7,0.6,False,True,0.4
benchmark_ewma_2m_a50,36.14372469635627,64.55173207095471,154.89255103409408,71.1865082529304,132.85834032605547,-21.700821306115937,0.44037125138326605,12541.0,9819.5,0.6,0.55,False,True,0.5
benchmark_ewma_2m_a60,38.17975708502025,66.20839141013327,168.58951387042003,75.19655529862054,133.67191665508818,-14.062674427876567,0.4112779670190707,12541.0,10777.4,0.6,0.55,False,True,0.6
benchmark_ewma_2m_a70,40.47085020242915,68.80588284565529,182.8220079733797,79.70895462881748,134.70993029007928,-6.4245275496371965,0.36417827934131686,12541.0,11735.3,0.6,0.55,False,True,0.7
benchmark_ewma_2m_a80,43.027530364372474,72.2427946339164,197.48587744872265,84.7444382425644,135.89678719885487,1.2136193286021906,0.29907218835000393,12541.0,12693.2,0.6,0.55,False,True,0.8
benchmark_ewma_2m_a90,45.949392712550605,76.40593354028171,212.67838783406444,90.49916274619248,137.29706444677555,8.851766206841576,0.21595969404513238,12541.0,13651.100000000002,0.6,0.55,False,True,0.9
