fiscal_year,fiscal_month,forecast_qty_conservative,forecast_qty_base,forecast_qty_optimistic,forecast_revenue_conservative,forecast_revenue_base,forecast_revenue_optimistic
2026,4,13988.464,17485.58,20982.696,22180275833.619396,27725344792.024242,33270413750.42909
2026,5,19298.731200000002,24123.414,28948.0968,31278931909.49328,39098664886.86659,46918397864.239914
2026,6,15581.54416,19476.9302,23372.316239999996,24909872656.381557,31137340820.476948,37364808984.572334
