fiscal_month,seasonal_factor,factor_sample_size
1,0.9875306936771026,156
2,1.957868467410452,168
